filename,width,height,class,xmin,ymin,xmax,ymax
DJI_0003_1.jpg,600,600,broken insulator,272,35,359,139
DJI_0003_3000-0.jpg,600,600,missing insulator,367,64,453,135
DJI_0003_3000-0.jpg,600,600,rusty clamp,530,156,600,194
DJI_0003_3000-1000.jpg,600,600,broken insulator,387,186,437,230
DJI_0003_3000-1000.jpg,600,600,broken insulator,385,441,434,481
DJI_0003_3000-1000.jpg,600,600,rusty clamp,221,147,310,184
DJI_0003_3000-1000.jpg,600,600,rusty clamp,215,414,304,451
DJI_0004_1.jpg,600,600,broken insulator,261,71,339,171
DJI_0004_3000-0.jpg,600,600,missing knob,17,271,78,302
DJI_0004_3000-0.jpg,600,600,rusty clamp,175,320,269,367
DJI_0004_3000-0.jpg,600,600,broken insulator,342,379,392,427
DJI_0005_0-0.jpg,600,600,missing insulator,479,464,557,504
DJI_0005_0-0.jpg,600,600,rusty clamp,171,454,258,477
DJI_0005_1.jpg,600,600,broken insulator,248,139,331,251
DJI_0005_1000-1000.jpg,600,600,missing insulator,362,303,414,411
DJI_0005_1000-1000.jpg,600,600,rusty clamp,363,555,405,589
DJI_0005_2000-1000.jpg,600,600,rusty clamp,160,322,205,359
DJI_0005_2000-1000.jpg,600,600,missing insulator,153,77,211,175
DJI_0005_3000-2000.jpg,600,600,missing insulator,153,216,238,258
DJI_0005_3000-2000.jpg,600,600,rusty clamp,326,233,396,250
DJI_0007_0-2000.jpg,600,600,missing insulator,431,496,507,576
DJI_0007_0-2000.jpg,600,600,rusty clamp,500,88,572,116
DJI_0007_0-2000.jpg,600,600,rusty clamp,262,244,312,311
DJI_0007_1.jpg,600,600,broken insulator,253,270,358,406
DJI_0007_2000-2000.jpg,600,600,broken insulator,50,301,104,349
DJI_0007_3000-0.jpg,600,600,missing insulator,442,1,500,109
DJI_0007_3000-0.jpg,600,600,rusty clamp,462,257,504,294
DJI_0008_1.jpg,600,600,broken insulator,307,208,371,268
DJI_0008_1.jpg,600,600,broken insulator,317,477,381,537
DJI_0008_2.jpg,600,600,broken insulator,252,260,367,385
DJI_0008_3.jpg,600,600,missing knob,156,224,220,287
DJI_0008_3.jpg,600,600,missing knob,359,257,439,328
DJI_0009_0-1000.jpg,600,600,rusty clamp,504,236,536,267
DJI_0009_0-1000.jpg,600,600,missing insulator,541,43,600,122
DJI_0009_0-1000.jpg,600,600,missing knob,390,158,438,185
DJI_0009_1.jpg,600,600,broken insulator,323,452,389,519
DJI_0009_2.jpg,600,600,broken insulator,231,350,363,493
DJI_0009_2000-0.jpg,600,600,broken insulator,426,367,467,436
DJI_0009_2000-0.jpg,600,600,rusty clamp,424,472,467,512
DJI_0009_2000-1000.jpg,600,600,missing insulator,159,218,214,333
DJI_0009_2000-1000.jpg,600,600,rusty clamp,154,480,196,516
DJI_0009_2000-2000.jpg,600,600,rusty clamp,121,370,162,410
DJI_0009_2000-2000.jpg,600,600,missing insulator,83,95,144,218
DJI_0009_3.jpg,600,600,missing knob,129,246,189,314
DJI_0009_3.jpg,600,600,missing knob,325,297,398,367
DJI_0009_3000-2000.jpg,600,600,rusty clamp,398,37,446,77
DJI_0012_1.jpg,600,600,broken insulator,229,63,346,191
DJI_0012_1_2000-0.jpg,600,600,missing insulator,415,268,511,343
DJI_0012_2.jpg,600,600,missing knob,165,264,417,457
DJI_0012_3.jpg,600,600,broken insulator,360,302,407,353
DJI_0012_4.jpg,600,600,missing knob,250,267,347,315
DJI_0013_1.jpg,600,600,broken insulator,265,19,379,146
DJI_0013_1.jpg,600,600,broken insulator,257,392,373,488
DJI_0013_2.jpg,600,600,missing knob,143,293,236,364
DJI_0013_2.jpg,600,600,missing knob,418,264,502,327
DJI_0013_3.jpg,600,600,missing knob,343,377,578,506
DJI_0013_3.jpg,600,600,broken insulator,75,161,123,224
DJI_0013_3000-1000.jpg,600,600,missing insulator,15,155,104,218
DJI_0013_3000-1000.jpg,600,600,rusty clamp,190,221,263,252
DJI_0013_3000-1000.jpg,600,600,missing insulator,7,501,92,549
DJI_0013_3000-1000.jpg,600,600,missing insulator,337,531,423,553
DJI_0013_4.jpg,600,600,broken insulator,520,329,571,380
DJI_0013_4.jpg,600,600,missing knob,17,542,120,592
DJI_0013_5.jpg,600,600,missing knob,129,297,221,366
DJI_0013_5.jpg,600,600,missing knob,400,267,492,333
DJI_0014_1.jpg,600,600,broken insulator,251,9,368,136
DJI_0014_2.jpg,600,600,missing knob,38,534,128,577
DJI_0014_2.jpg,600,600,broken insulator,517,216,568,268
DJI_0014_3.jpg,600,600,missing knob,169,273,259,343
DJI_0014_3.jpg,600,600,missing knob,416,238,506,308
DJI_0014_4.jpg,600,600,missing knob,206,397,472,590
DJI_0014_4.jpg,600,600,broken insulator,116,236,168,303
DJI_0014_5.jpg,600,600,broken insulator,273,363,325,414
DJI_0017_1.jpg,600,600,broken insulator,265,407,367,518
DJI_0017_1000-1000.jpg,600,600,missing knob,370,454,416,492
DJI_0017_1000-1000.jpg,600,600,rusty clamp,502,448,587,478
DJI_0017_2.jpg,600,600,missing knob,258,139,509,324
DJI_0017_3.jpg,600,600,broken insulator,462,413,536,488
DJI_0018_1.jpg,600,600,broken insulator,254,342,359,493
DJI_0018_2.jpg,600,600,broken insulator,411,416,486,485
DJI_0018_2000-1000.jpg,600,600,missing insulator,57,205,138,316
DJI_0018_2000-1000.jpg,600,600,rusty clamp,145,470,190,510
DJI_0019_1.jpg,600,600,broken insulator,375,351,482,478
DJI_0019_1.jpg,600,600,missing knob,64,511,119,572
DJI_0019_2000-2000.jpg,600,600,missing insulator,417,335,504,394
DJI_0019_2000-2000.jpg,600,600,rusty clamp,66,398,155,427
DJI_0020_1.jpg,600,600,missing knob,162,87,229,118
DJI_0020_1.jpg,600,600,missing knob,429,131,502,169
DJI_0020_1.jpg,600,600,missing knob,179,455,332,528
DJI_0020_2.jpg,600,600,broken insulator,235,263,304,319
DJI_0020_2.jpg,600,600,missing knob,223,127,265,152
DJI_0020_3.jpg,600,600,missing knob,454,417,552,464
DJI_0020_3.jpg,600,600,missing knob,421,83,489,115
DJI_0020_3.jpg,600,600,missing knob,10,457,123,510
DJI_0021_0-0.jpg,600,600,missing insulator,451,214,487,293
DJI_0021_0-0.jpg,600,600,rusty clamp,450,417,477,449
DJI_0021_0-1000.jpg,600,600,missing insulator,500,396,590,447
DJI_0021_0-1000.jpg,600,600,rusty clamp,147,387,239,414
DJI_0021_1000-2000.jpg,600,600,rusty clamp,517,314,554,356
DJI_0021_1000-2000.jpg,600,600,broken insulator,523,71,563,128
DJI_0023_1.jpg,600,600,broken insulator,205,280,254,315
DJI_0023_1.jpg,600,600,broken insulator,306,64,419,113
DJI_0023_2.jpg,600,600,missing knob,112,126,240,178
DJI_0023_2.jpg,600,600,missing knob,123,391,196,416
DJI_0023_2.jpg,600,600,missing knob,382,404,437,429
DJI_0023_3.jpg,600,600,broken insulator,208,303,291,358
DJI_0024_3.jpg,600,600,broken insulator,303,321,341,363
DJI_0024_3.jpg,600,600,missing knob,351,436,417,486
DJI_0024_3000-0.jpg,600,600,missing insulator,500,465,570,499
DJI_0024_3000-0.jpg,600,600,missing knob,98,462,145,490
DJI_0024_4.jpg,600,600,broken insulator,184,260,245,323
DJI_0024_5.jpg,600,600,missing knob,20,211,68,241
DJI_0024_5.jpg,600,600,broken insulator,448,322,513,375
DJI_0025_1.jpg,600,600,broken insulator,125,305,212,409
DJI_0025_1.jpg,600,600,broken insulator,98,211,137,245
DJI_0025_2.jpg,600,600,broken insulator,159,303,268,384
DJI_0025_2.jpg,600,600,missing knob,253,266,304,292
DJI_0025_3.jpg,600,600,rusty clamp,80,271,168,325
DJI_0025_3.jpg,600,600,rusty clamp,381,253,443,294
DJI_0027_1.jpg,600,600,broken insulator,74,217,178,310
DJI_0027_2.jpg,600,600,broken insulator,303,256,356,293
DJI_0027_3.jpg,600,600,missing knob,184,228,246,271
DJI_0027_3.jpg,600,600,missing knob,417,307,476,355
DJI_0027_4.jpg,600,600,broken insulator,184,335,235,372
DJI_0027_5.jpg,600,600,missing knob,189,254,233,276
DJI_0027_5.jpg,600,600,missing knob,358,288,399,315
DJI_0029_0-1000.jpg,600,600,missing insulator,272,198,328,286
DJI_0029_0-1000.jpg,600,600,rusty clamp,332,410,363,440
DJI_0029_0-2000.jpg,600,600,missing insulator,92,172,190,253
DJI_0029_0-2000.jpg,600,600,rusty clamp,261,270,334,312
DJI_0029_0-2000.jpg,600,600,missing knob,439,51,492,78
DJI_0029_0.jpg,600,600,missing knob,193,282,270,315
DJI_0029_0.jpg,600,600,missing knob,328,263,410,303
DJI_0029_1.jpg,600,600,broken insulator,244,299,331,372
DJI_0029_1.jpg,600,600,missing knob,479,87,519,112
DJI_0029_1.jpg,600,600,missing knob,332,53,373,78
DJI_0029_1.jpg,600,600,missing knob,350,485,387,505
DJI_0029_1.jpg,600,600,missing knob,482,526,518,551
DJI_0029_1000-1000.jpg,600,600,missing insulator,509,287,583,334
DJI_0029_1000-1000.jpg,600,600,rusty clamp,232,265,306,285
DJI_0029_2.jpg,600,600,broken insulator,385,343,487,438
DJI_0029_3.jpg,600,600,broken insulator,354,285,407,332
DJI_0029_4.jpg,600,600,missing knob,88,195,183,260
DJI_0029_4.jpg,600,600,missing knob,412,392,515,457
DJI_0029_5.jpg,600,600,broken insulator,165,249,234,318
DJI_0029_5.jpg,600,600,rusty clamp,446,430,559,511
DJI_02740_1.jpg,600,600,missing insulator,269,247,317,339
DJI_02740_2.jpg,600,600,missing knob,423,435,468,464
DJI_02740_2.jpg,600,600,missing knob,171,368,210,388
DJI_02740_2.jpg,600,600,missing insulator,290,206,328,252
DJI_02740_3.jpg,600,600,missing knob,408,68,457,92
DJI_02740_3.jpg,600,600,missing knob,195,6,234,27
DJI_02740_3.jpg,600,600,missing insulator,279,293,315,350
DJI_02750_1.jpg,600,600,missing insulator,256,334,305,425
DJI_02750_1.jpg,600,600,missing knob,147,473,177,499
DJI_02750_1.jpg,600,600,missing knob,425,466,480,501
DJI_02750_1_1.jpg,600,600,missing insulator,256,334,303,423
DJI_02750_1_1.jpg,600,600,missing knob,147,472,176,502
DJI_02750_1_1.jpg,600,600,missing knob,433,467,481,500
DJI_02750_2.jpg,600,600,missing insulator,299,373,334,418
DJI_02750_2.jpg,600,600,missing knob,412,482,459,505
DJI_02750_2.jpg,600,600,missing knob,198,486,234,503
DJI_02750_2_1.jpg,600,600,missing insulator,298,374,336,419
DJI_02750_2_1.jpg,600,600,missing knob,412,483,460,503
DJI_02750_2_1.jpg,600,600,missing knob,198,486,232,503
DJI_02750_3.jpg,600,600,missing insulator,287,327,323,373
DJI_02750_3.jpg,600,600,missing knob,149,413,186,432
DJI_02750_3.jpg,600,600,missing knob,433,489,482,519
DJI_02750_4.jpg,600,600,missing insulator,244,211,290,301
DJI_02750_4.jpg,600,600,missing knob,392,517,435,566
DJI_02750_4.jpg,600,600,missing knob,139,366,165,390
DJI_02760_1.jpg,600,600,missing insulator,293,152,334,223
DJI_02760_1.jpg,600,600,missing knob,171,399,213,418
DJI_02760_1.jpg,600,600,missing knob,422,329,475,358
DJI_02790_1.jpg,600,600,missing insulator,293,366,342,471
DJI_02790_1.jpg,600,600,missing knob,470,486,523,524
DJI_02800_1.jpg,600,600,missing insulator,299,224,349,327
DJI_02800_1.jpg,600,600,missing knob,79,520,138,557
DJI_02800_1.jpg,600,600,missing knob,514,521,559,550
DJI_02800_1_1.jpg,600,600,missing insulator,298,225,350,328
DJI_02800_1_1.jpg,600,600,missing knob,78,521,137,558
DJI_02800_1_1.jpg,600,600,missing knob,514,520,558,552
DJI_02800_2.jpg,600,600,missing insulator,304,330,335,371
DJI_02800_2.jpg,600,600,missing knob,187,480,226,499
DJI_02800_2.jpg,600,600,missing knob,508,473,568,506
DJI_02800_2_1.jpg,600,600,missing insulator,305,329,335,371
DJI_02800_2_1.jpg,600,600,missing knob,186,479,228,501
DJI_02800_2_1.jpg,600,600,missing knob,506,475,567,503
DJI_02800_3.jpg,600,600,missing insulator,246,272,277,327
DJI_02800_3.jpg,600,600,missing knob,128,443,166,461
DJI_02800_3_1.jpg,600,600,missing insulator,247,270,277,327
DJI_02800_3_1.jpg,600,600,missing knob,131,443,165,458
DJI_02800_3_1.jpg,600,600,missing knob,416,1,474,34
DJI_02800_3_1.jpg,600,600,missing knob,147,3,184,19
DJI_02800_4.jpg,600,600,missing insulator,284,228,331,326
DJI_02800_4.jpg,600,600,missing knob,449,445,499,480
DJI_02800_5.jpg,600,600,missing insulator,276,264,307,321
DJI_02800_5.jpg,600,600,missing knob,166,423,203,439
DJI_02800_5.jpg,600,600,missing knob,446,345,506,384
DJI_02810_1.jpg,600,600,missing insulator,326,267,377,370
DJI_02810_1.jpg,600,600,missing knob,118,430,179,463
DJI_02810_1.jpg,600,600,missing knob,528,460,573,491
DJI_02810_2.jpg,600,600,missing knob,476,253,537,285
DJI_02810_2.jpg,600,600,missing knob,141,374,183,393
DJI_02810_2.jpg,600,600,missing insulator,262,310,292,349
DJI_02840_1.jpg,600,600,missing insulator,252,353,319,484
DJI_02840_1.jpg,600,600,missing knob,536,503,593,537
DJI_02840_2.jpg,600,600,missing insulator,258,295,297,364
DJI_02840_2.jpg,600,600,missing knob,136,424,183,445
DJI_02840_3.jpg,600,600,missing insulator,282,291,319,344
DJI_02840_3.jpg,600,600,missing knob,131,426,177,450
DJI_02840_3.jpg,600,600,missing knob,429,128,521,170
DJI_02850_1.jpg,600,600,missing insulator,245,226,315,362
DJI_02850_1.jpg,600,600,missing knob,515,439,570,474
DJI_02850_2.jpg,600,600,missing insulator,270,255,310,341
DJI_02850_2.jpg,600,600,missing knob,101,430,152,457
DJI_02890_1.jpg,600,600,missing knob,195,261,223,281
DJI_02890_1.jpg,600,600,missing knob,404,291,430,315
DJI_02890_2.jpg,600,600,missing insulator,242,287,299,371
DJI_02890_2.jpg,600,600,missing knob,349,487,384,518
DJI_02890_3.jpg,600,600,missing insulator,280,273,315,336
DJI_02890_3.jpg,600,600,missing knob,143,444,180,464
DJI_02890_3.jpg,600,600,missing knob,392,390,423,407
DJI_02900_1.jpg,600,600,missing insulator,302,249,334,312
DJI_02900_1.jpg,600,600,missing knob,158,416,198,440
DJI_02900_1.jpg,600,600,missing knob,395,468,431,488
DJI_02900_2.jpg,600,600,missing insulator,316,114,371,225
DJI_02900_2.jpg,600,600,missing knob,169,206,221,243
DJI_02900_2.jpg,600,600,missing knob,424,309,464,353
DJI_02900_3.jpg,600,600,missing insulator,288,262,347,360
DJI_02900_3.jpg,600,600,missing knob,153,473,199,507
DJI_02900_3.jpg,600,600,missing knob,426,451,459,481
DJI_02900_4.jpg,600,600,missing insulator,296,275,331,320
DJI_02900_4.jpg,600,600,missing knob,167,382,210,401
DJI_02900_4.jpg,600,600,missing knob,387,378,421,397
DJI_02900_5.jpg,600,600,missing insulator,305,439,360,528
DJI_02900_5.jpg,600,600,missing knob,439,514,479,547
DJI_03280_1.jpg,600,600,missing insulator,264,373,299,427
DJI_03280_1.jpg,600,600,missing knob,321,512,346,540
DJI_03280_2.jpg,600,600,missing insulator,296,319,332,377
DJI_03280_2.jpg,600,600,missing knob,195,357,219,375
DJI_03280_2.jpg,600,600,missing knob,393,464,422,493
DJI_03290_1.jpg,600,600,missing insulator,273,238,311,313
DJI_03290_1.jpg,600,600,missing knob,206,369,225,388
DJI_03290_1.jpg,600,600,missing knob,356,475,380,512
DJI_03290_2_1.jpg,600,600,missing insulator,301,268,348,333
DJI_03290_2_1.jpg,600,600,missing knob,400,388,442,408
DJI_03290_3.jpg,600,600,missing insulator,308,279,348,339
DJI_03290_3.jpg,600,600,missing knob,406,447,440,473
DJI_03290_3.jpg,600,600,missing knob,193,376,220,393
DJI_03290_4.jpg,600,600,missing insulator,232,224,278,308
DJI_03290_4.jpg,600,600,missing knob,170,357,199,380
DJI_03290_4.jpg,600,600,missing knob,307,347,340,375
DJI_03290_5.jpg,600,600,missing knob,166,318,188,338
DJI_03290_5.jpg,600,600,missing knob,312,425,343,463
DJI_03290_5.jpg,600,600,missing insulator,232,247,273,323
DJI_03290_6.jpg,600,600,missing insulator,250,271,286,325
DJI_03290_6.jpg,600,600,missing knob,323,475,352,514
DJI_03290_6.jpg,600,600,missing knob,184,277,205,301
DJI_03290_7.jpg,600,600,missing insulator,289,258,326,314
DJI_03290_7.jpg,600,600,missing knob,184,339,215,358
DJI_03290_7.jpg,600,600,missing knob,378,462,414,495
DJI_03300_1.jpg,600,600,missing knob,224,361,251,386
DJI_03300_1.jpg,600,600,missing knob,370,449,403,485
DJI_03300_1.jpg,600,600,missing insulator,293,259,332,334
DJI_03300_2.jpg,600,600,missing insulator,288,312,327,373
DJI_03300_2.jpg,600,600,missing knob,171,416,201,433
DJI_03300_2.jpg,600,600,missing knob,365,474,402,495
DJI_03300_3.jpg,600,600,missing insulator,267,154,301,195
DJI_03300_3.jpg,600,600,missing insulator,261,182,297,223
DJI_03300_3.jpg,600,600,missing knob,160,242,183,257
DJI_03300_3.jpg,600,600,missing knob,358,354,388,384
DJI_03300_4.jpg,600,600,missing insulator,275,253,310,307
DJI_03300_4.jpg,600,600,missing knob,336,471,369,504
DJI_03300_4.jpg,600,600,missing knob,206,306,228,328
DJI_03310_1.jpg,600,600,missing insulator,273,108,315,198
DJI_03310_1.jpg,600,600,missing knob,356,301,397,332
DJI_03310_1.jpg,600,600,missing knob,198,321,222,348
DJI_03310_2.jpg,600,600,missing insulator,266,263,308,329
DJI_03310_2.jpg,600,600,missing knob,154,362,182,382
DJI_03310_2.jpg,600,600,missing knob,393,356,432,378
DJI_03320_1.jpg,600,600,missing insulator,268,238,335,376
DJI_03320_1.jpg,600,600,missing knob,483,478,536,510
DJI_03320_3.jpg,600,600,missing knob,48,524,116,562
DJI_03320_3.jpg,600,600,missing insulator,282,299,330,377
DJI_03330_1.jpg,600,600,missing insulator,325,259,389,381
DJI_03330_1.jpg,600,600,missing knob,538,437,596,472
DJI_03330_1.jpg,600,600,missing knob,2,516,101,569
DJI_03330_2.jpg,600,600,missing insulator,329,286,373,357
DJI_03330_2.jpg,600,600,missing knob,103,426,166,453
DJI_03330_3.jpg,600,600,missing insulator,213,259,255,333
DJI_03330_3.jpg,600,600,missing knob,14,432,73,464
DJI_03330_3.jpg,600,600,missing knob,258,54,358,106
DJI_03340_1.jpg,600,600,missing insulator,309,193,375,312
DJI_03340_1.jpg,600,600,missing knob,14,531,114,570
DJI_03340_1.jpg,600,600,missing knob,506,498,572,533
DJI_03340_2.jpg,600,600,missing insulator,249,297,290,368
DJI_03340_2.jpg,600,600,missing knob,36,425,94,450
DJI_03340_2.jpg,600,600,missing knob,348,517,446,558
DJI_03340_3.jpg,600,600,missing insulator,273,268,313,339
DJI_03340_3.jpg,600,600,missing knob,103,465,162,488
DJI_03340_3.jpg,600,600,missing knob,290,10,386,60
DJI_03340_4.jpg,600,600,missing insulator,249,264,313,392
DJI_03340_4.jpg,600,600,missing knob,479,471,528,504
DJI_03490_1.jpg,600,600,missing insulator,261,256,313,359
DJI_03490_1.jpg,600,600,missing knob,194,283,227,329
DJI_03490_1.jpg,600,600,missing knob,350,502,393,546
DJI_03490_2.jpg,600,600,missing insulator,252,254,303,312
DJI_03490_2.jpg,600,600,missing knob,90,326,124,348
DJI_03490_2.jpg,600,600,missing knob,412,477,468,519
DJI_03500_1.jpg,600,600,missing insulator,212,247,267,324
DJI_03500_1.jpg,600,600,missing knob,312,500,360,571
DJI_03500_1.jpg,600,600,missing knob,134,266,160,293
DJI_03550_1.jpg,600,600,missing insulator,296,234,354,323
DJI_03550_1.jpg,600,600,missing knob,101,443,173,469
DJI_03550_1.jpg,600,600,missing knob,433,338,488,373
DJI_03550_2.jpg,600,600,missing insulator,284,288,316,353
DJI_03550_2.jpg,600,600,missing knob,141,473,180,497
DJI_03560_1.jpg,600,600,missing insulator,345,80,429,191
DJI_03560_1.jpg,600,600,missing knob,30,545,103,592
DJI_03560_1.jpg,600,600,missing knob,523,464,582,495
DJI_03560_2.jpg,600,600,missing insulator,272,214,305,263
DJI_03560_2.jpg,600,600,missing knob,176,389,208,406
DJI_03560_2.jpg,600,600,missing knob,393,266,469,312
DJI_03560_3.jpg,600,600,missing insulator,297,248,351,337
DJI_03560_3.jpg,600,600,missing knob,60,491,123,519
DJI_03560_3.jpg,600,600,missing knob,445,373,490,399
DJI_03570_1.jpg,600,600,missing insulator,333,237,410,373
DJI_03570_1.jpg,600,600,missing knob,46,542,129,575
DJI_03570_1.jpg,600,600,missing knob,491,456,560,496
DJI_03590_1.jpg,600,600,missing insulator,246,266,298,346
DJI_03590_1.jpg,600,600,missing knob,56,473,119,514
DJI_03590_1.jpg,600,600,missing knob,428,316,471,340
DJI_03590_2.jpg,600,600,missing knob,64,136,116,166
DJI_03590_2.jpg,600,600,missing knob,454,157,490,182
DJI_03590_3.jpg,600,600,missing insulator,392,345,458,475
DJI_03590_3.jpg,600,600,missing knob,546,414,584,447
DJI_03600_1.jpg,600,600,missing insulator,279,196,353,336
DJI_03600_1.jpg,600,600,missing knob,436,342,483,382
DJI_03600_2.jpg,600,600,missing insulator,290,264,346,351
DJI_03600_2.jpg,600,600,missing knob,469,382,519,415
DJI_03600_2.jpg,600,600,missing knob,139,500,204,530
DJI_03600_3.jpg,600,600,missing insulator,252,229,302,308
DJI_03600_3.jpg,600,600,missing knob,106,477,153,521
DJI_03610_2.jpg,600,600,missing insulator,238,378,290,463
DJI_03610_2.jpg,600,600,missing knob,430,485,482,512
DJI_03610_2.jpg,600,600,missing knob,55,509,131,536
DJI_03640_1.jpg,600,600,missing insulator,299,411,378,518
DJI_03640_1.jpg,600,600,missing insulator,315,95,401,212
DJI_03640_1.jpg,600,600,missing knob,34,539,87,576
DJI_03640_2.jpg,600,600,missing insulator,338,303,392,385
DJI_03640_2.jpg,600,600,missing knob,497,530,556,560
DJI_03640_3.jpg,600,600,missing knob,198,77,312,144
DJI_03640_3.jpg,600,600,missing knob,451,467,506,503
DJI_03640_3.jpg,600,600,missing insulator,304,275,353,346
DJI_03640_4.jpg,600,600,missing insulator,221,336,288,455
DJI_03650_1.jpg,600,600,missing insulator,297,255,372,393
DJI_03650_1.jpg,600,600,missing knob,82,432,145,480
DJI_03650_2.jpg,600,600,missing insulator,271,275,327,353
DJI_03650_2.jpg,600,600,missing knob,428,520,487,551
DJI_03650_3.jpg,600,600,missing knob,86,452,134,503
DJI_03660_1.jpg,600,600,missing insulator,362,199,453,363
DJI_03660_1.jpg,600,600,missing knob,97,497,167,536
DJI_03700_1.jpg,600,600,missing insulator,103,236,212,299
DJI_03700_1.jpg,600,600,missing insulator,523,305,581,399
DJI_03700_2.jpg,600,600,missing insulator,270,358,347,425
DJI_03700_2.jpg,600,600,missing insulator,180,377,256,444
DJI_03710_1.jpg,600,600,missing insulator,177,232,289,294
DJI_03710_1.jpg,600,600,missing insulator,510,331,570,426
DJI_03710_2.jpg,600,600,missing insulator,299,282,373,347
DJI_03710_2.jpg,600,600,missing insulator,360,270,422,336
DJI_03710_2.jpg,600,600,missing insulator,516,298,575,403
DJI_03720_1.jpg,600,600,missing insulator,266,116,374,175
DJI_03720_1.jpg,600,600,missing insulator,488,345,558,444
DJI_03760_1.jpg,600,600,missing insulator,260,215,382,295
DJI_03760_1.jpg,600,600,missing insulator,79,394,156,476
DJI_03770_1.jpg,600,600,missing insulator,150,431,235,528
DJI_03770_1.jpg,600,600,missing insulator,253,259,369,334
DJI_03770_2.jpg,600,600,missing insulator,207,251,273,294
DJI_03780_1.jpg,600,600,missing insulator,297,243,412,324
DJI_03780_1.jpg,600,600,missing insulator,118,334,191,434
DJI_03780_2.jpg,600,600,missing insulator,8,380,76,481
DJI_03780_2.jpg,600,600,missing insulator,266,196,388,260
DJI_03780_3.jpg,600,600,missing insulator,311,358,366,400
DJI_03780_3.jpg,600,600,missing insulator,167,328,219,368
DJI_0424_1200-0.jpg,600,600,broken insulator,55,422,115,474
DJI_0424_1200-0.jpg,600,600,rusty clamp,278,521,362,569
DJI_0425_600-600.jpg,600,600,rusty clamp,329,263,375,310
DJI_0425_600-600.jpg,600,600,broken insulator,340,3,388,53
DJI_06460_4_1_1.jpg,600,600,missing knob,52,144,104,171
DJI_06460_4_1_1.jpg,600,600,missing knob,489,253,551,288
DJI_06460_4_1_1.jpg,600,600,missing insulator,278,89,326,187
DJI_541_1.jpg,600,600,broken insulator,276,242,343,310
DJI_541_1.jpg,600,600,rusty clamp,165,198,263,264
DJI_541_2.jpg,600,600,broken insulator,141,244,211,310
DJI_541_2.jpg,600,600,rusty clamp,423,424,537,507
DJI_541_3.jpg,600,600,broken insulator,183,186,235,244
DJI_541_3.jpg,600,600,rusty clamp,442,314,517,368
DJI_541_3.jpg,600,600,broken insulator,357,271,414,324
DJI_541_4.jpg,600,600,broken insulator,256,315,323,379
DJI_541_4.jpg,600,600,rusty clamp,369,405,449,468
DJI_541_5.jpg,600,600,rusty clamp,163,218,223,266
DJI_541_5.jpg,600,600,broken insulator,295,292,355,346
DJI_542_1.jpg,600,600,rusty clamp,445,321,597,451
DJI_542_2.jpg,600,600,rusty clamp,76,239,173,290
DJI_542_3.jpg,600,600,broken insulator,255,286,316,346
DJI_542_4.jpg,600,600,broken insulator,172,263,239,312
DJI_542_4.jpg,600,600,rusty clamp,412,346,501,389
DJI_543_1.jpg,600,600,rusty clamp,75,337,166,383
DJI_543_2.jpg,600,600,broken insulator,183,311,250,352
DJI_543_2.jpg,600,600,rusty clamp,464,338,558,361
DJI_543_3.jpg,600,600,broken insulator,321,301,387,350
DJI_543_4.jpg,600,600,rusty clamp,28,260,121,278
DJI_543_4.jpg,600,600,missing knob,500,285,583,319
DJI_543_5.jpg,600,600,missing knob,92,196,181,243
DJI_543_5.jpg,600,600,missing knob,394,210,494,254
DJI_543_6.jpg,600,600,missing knob,278,283,317,303
DJI_543_7.jpg,600,600,rusty clamp,367,411,535,515
DJI_543_8.jpg,600,600,missing knob,64,249,114,289
DJI_544_1.jpg,600,600,rusty clamp,397,272,492,290
DJI_544_2.jpg,600,600,rusty clamp,10,236,106,255
DJI_544_2.jpg,600,600,missing knob,495,261,595,297
DJI_544_3.jpg,600,600,missing knob,257,271,295,290
DJI_544_3.jpg,600,600,missing knob,374,252,414,275
DJI_544_4.jpg,600,600,broken insulator,247,266,323,340
DJI_544_4.jpg,600,600,rusty clamp,86,330,172,371
DJI_544_5.jpg,600,600,missing knob,246,326,291,360
DJI_544_6.jpg,600,600,missing knob,143,239,228,276
DJI_544_6.jpg,600,600,missing knob,494,319,584,370
DJI_544_7.jpg,600,600,broken insulator,201,317,275,406
DJI_544_8.jpg,600,600,missing knob,249,272,306,308
DJI_544_8.jpg,600,600,missing knob,118,233,176,275
DJI_545_1.jpg,600,600,missing knob,139,280,172,303
DJI_545_1.jpg,600,600,missing knob,256,324,295,349
DJI_545_2.jpg,600,600,broken insulator,236,306,307,370
DJI_545_2.jpg,600,600,rusty clamp,394,399,472,455
DJI_545_3.jpg,600,600,broken insulator,338,328,392,380
DJI_545_3.jpg,600,600,rusty clamp,421,386,493,441
DJI_545_4.jpg,600,600,rusty clamp,187,188,264,248
DJI_546_1.jpg,600,600,rusty clamp,301,321,486,428
DJI_546_2.jpg,600,600,rusty clamp,353,325,433,372
DJI_546_3.jpg,600,600,rusty clamp,38,193,120,241
DJI_546_3.jpg,600,600,missing knob,292,248,507,380
DJI_546_3.jpg,600,600,missing knob,487,397,561,446
DJI_546_4.jpg,600,600,missing knob,215,258,291,305
DJI_546_4.jpg,600,600,missing knob,453,374,545,419
DJI_546_4.jpg,600,600,missing knob,20,111,233,239
DJI_546_5.jpg,600,600,broken insulator,71,178,128,230
DJI_546_5.jpg,600,600,missing knob,533,475,598,517
DJI_546_6.jpg,600,600,missing knob,303,308,372,354
DJI_546_6.jpg,600,600,missing knob,541,447,589,485
DJI_546_7.jpg,600,600,missing knob,174,211,215,241
DJI_546_8.jpg,600,600,rusty clamp,96,233,191,269
DJI_546_9.jpg,600,600,missing knob,84,218,127,253
DJI_546_9.jpg,600,600,missing knob,227,244,288,286
DJI_546_9.jpg,600,600,rusty clamp,478,289,574,325
DJI_547_1.jpg,600,600,broken insulator,158,246,243,300
DJI_547_2.jpg,600,600,rusty clamp,256,279,480,355
DJI_547_3.jpg,600,600,broken insulator,188,261,260,317
DJI_547_3.jpg,600,600,rusty clamp,425,355,514,403
DJI_547_4.jpg,600,600,missing knob,170,225,220,268
DJI_547_4.jpg,600,600,missing knob,462,331,553,385
DJI_547_5.jpg,600,600,broken insulator,283,290,344,352
DJI_547_5.jpg,600,600,rusty clamp,123,218,211,278
DJI_547_6.jpg,600,600,missing knob,82,295,145,343
DJI_547_7.jpg,600,600,missing knob,130,203,172,235
DJI_547_7.jpg,600,600,rusty clamp,488,366,577,426
DJI_548_1.jpg,600,600,rusty clamp,436,354,574,466
DJI_548_1.jpg,600,600,broken insulator,38,84,141,182
DJI_548_2.jpg,600,600,missing knob,93,125,169,188
DJI_548_2.jpg,600,600,missing knob,435,360,571,451
DJI_548_3.jpg,600,600,rusty clamp,123,229,231,293
DJI_548_3.jpg,600,600,broken insulator,319,305,367,370
DJI_548_4.jpg,600,600,rusty clamp,477,238,584,301
DJI_548_4.jpg,600,600,missing knob,47,49,95,91
DJI_548_4.jpg,600,600,missing knob,200,121,257,164
DJI_549_1.jpg,600,600,rusty clamp,80,268,263,352
DJI_549_1.jpg,600,600,broken insulator,325,203,443,300
DJI_549_2.jpg,600,600,missing knob,83,343,171,393
DJI_549_2.jpg,600,600,missing knob,477,235,594,303
DJI_549_3.jpg,600,600,broken insulator,106,247,236,330
DJI_549_3.jpg,600,600,rusty clamp,463,227,599,275
DJI_549_4.jpg,600,600,rusty clamp,1,267,105,314
DJI_549_4.jpg,600,600,missing knob,509,227,598,273
DJI_550_1.jpg,600,600,broken insulator,222,318,279,362
DJI_550_2.jpg,600,600,missing knob,213,263,261,289
DJI_550_2.jpg,600,600,missing knob,350,266,400,289
DJI_550_3.jpg,600,600,missing knob,159,388,214,416
DJI_550_3.jpg,600,600,missing knob,314,407,367,433
DJI_550_4.jpg,600,600,rusty clamp,405,273,562,324
DJI_550_5.jpg,600,600,missing knob,32,228,188,297
DJI_550_5.jpg,600,600,missing knob,216,303,294,336
DJI_550_5.jpg,600,600,missing knob,479,288,562,322
DJI_550_6.jpg,600,600,broken insulator,298,322,363,367
DJI_550_7.jpg,600,600,rusty clamp,440,268,577,322
DJI_550_8.jpg,600,600,rusty clamp,1,328,125,381
DJI_550_8.jpg,600,600,missing knob,517,290,597,335
DJI_550_9.jpg,600,600,rusty clamp,82,330,261,420
DJI_550_9.jpg,600,600,broken insulator,498,221,568,316
DJI_551_1.jpg,600,600,rusty clamp,118,100,207,127
DJI_551_1.jpg,600,600,broken insulator,364,69,436,113
DJI_551_1.jpg,600,600,rusty clamp,294,399,496,460
DJI_551_2.jpg,600,600,missing knob,241,88,283,119
DJI_551_2.jpg,600,600,missing knob,479,64,555,100
DJI_551_2.jpg,600,600,missing knob,128,460,324,533
DJI_551_3.jpg,600,600,rusty clamp,382,297,531,336
DJI_551_4.jpg,600,600,missing knob,333,236,385,266
DJI_551_4.jpg,600,600,missing knob,491,234,539,261
DJI_551_5.jpg,600,600,missing knob,3,344,70,377
DJI_551_5.jpg,600,600,broken insulator,489,241,559,283
DJI_551_6.jpg,600,600,missing knob,13,74,60,103
DJI_551_7.jpg,600,600,missing knob,497,252,577,296
DJI_551_8.jpg,600,600,missing knob,2,375,44,407
DJI_551_8.jpg,600,600,missing knob,195,321,259,357
DJI_552_1.jpg,600,600,missing knob,253,268,300,295
DJI_552_1.jpg,600,600,missing knob,388,271,436,297
DJI_552_2.jpg,600,600,missing knob,1,332,67,368
DJI_552_2.jpg,600,600,broken insulator,522,234,582,277
DJI_552_3.jpg,600,600,rusty clamp,2,313,131,361
DJI_552_3.jpg,600,600,missing knob,497,271,578,319
DJI_552_4.jpg,600,600,rusty clamp,132,144,209,182
DJI_552_4.jpg,600,600,rusty clamp,294,413,463,498
DJI_552_4.jpg,600,600,broken insulator,404,78,454,117
DJI_552_5.jpg,600,600,missing knob,148,228,213,262
DJI_552_5.jpg,600,600,missing knob,391,171,451,202
DJI_552_6.jpg,600,600,missing knob,120,272,187,307
DJI_552_6.jpg,600,600,missing knob,338,234,408,270
DJI_552_7.jpg,600,600,missing knob,64,230,164,275
DJI_552_7.jpg,600,600,missing knob,431,266,512,307
DJI_554_1.jpg,600,600,broken insulator,269,72,338,196
DJI_554_2.jpg,600,600,rusty clamp,55,275,124,347
DJI_554_2.jpg,600,600,missing knob,508,388,583,438
DJI_554_3.jpg,600,600,missing knob,212,413,288,463
DJI_554_3.jpg,600,600,missing knob,422,450,489,490
DJI_554_4.jpg,600,600,broken insulator,519,248,560,311
DJI_554_4.jpg,600,600,missing knob,144,481,221,513
DJI_554_4.jpg,600,600,missing knob,67,517,180,585
DJI_554_4.jpg,600,600,rusty clamp,523,438,566,480
DJI_554_5.jpg,600,600,missing knob,79,289,169,327
DJI_554_5.jpg,600,600,missing knob,342,309,453,374
DJI_554_5.jpg,600,600,missing knob,419,270,495,306
DJI_554_6.jpg,600,600,rusty clamp,274,526,342,594
DJI_554_7.jpg,600,600,missing knob,184,339,254,383
DJI_554_7.jpg,600,600,missing knob,402,263,468,312
DJI_554_8.jpg,600,600,missing knob,218,494,335,591
DJI_554_9.jpg,600,600,missing knob,177,314,228,350
DJI_554_9.jpg,600,600,missing knob,427,239,504,283
DJI_557_1.jpg,600,600,rusty clamp,255,450,311,499
DJI_557_2.jpg,600,600,rusty clamp,477,183,543,261
DJI_557_2.jpg,600,600,missing knob,81,405,141,453
DJI_557_3.jpg,600,600,missing knob,131,291,199,332
DJI_557_3.jpg,600,600,missing knob,323,199,387,247
DJI_557_4.jpg,600,600,rusty clamp,106,366,160,414
DJI_557_4.jpg,600,600,missing knob,556,375,600,408
DJI_557_5.jpg,600,600,broken insulator,272,250,322,315
DJI_557_6.jpg,600,600,missing knob,31,504,94,544
DJI_557_6.jpg,600,600,broken insulator,404,362,473,446
DJI_557_6.jpg,600,600,rusty clamp,396,535,456,598
DJI_557_7.jpg,600,600,missing knob,421,349,566,439
DJI_557_7.jpg,600,600,missing knob,14,155,138,240
DJI_560_1.jpg,600,600,broken insulator,63,146,133,231
DJI_560_1.jpg,600,600,missing knob,383,503,444,552
DJI_560_1.jpg,600,600,missing knob,532,551,583,590
DJI_560_1.jpg,600,600,rusty clamp,65,365,124,438
DJI_560_2.jpg,600,600,missing knob,24,257,185,329
DJI_560_2.jpg,600,600,missing knob,460,269,565,326
DJI_560_2.jpg,600,600,missing knob,187,386,236,418
DJI_560_3.jpg,600,600,broken insulator,243,124,293,193
DJI_560_3.jpg,600,600,rusty clamp,244,417,296,464
DJI_560_3.jpg,600,600,missing knob,422,376,582,448
DJI_560_4.jpg,600,600,broken insulator,450,129,500,200
DJI_560_4.jpg,600,600,missing knob,14,448,83,483
DJI_560_4.jpg,600,600,rusty clamp,452,421,502,472
DJI_560_5.jpg,600,600,rusty clamp,284,529,341,595
DJI_561_1.jpg,600,600,broken insulator,186,79,251,171
DJI_561_1.jpg,600,600,rusty clamp,172,526,233,598
DJI_561_1.jpg,600,600,missing knob,507,469,565,513
DJI_561_2.jpg,600,600,rusty clamp,276,320,317,364
DJI_561_2.jpg,600,600,missing knob,333,473,494,575
DJI_561_3.jpg,600,600,missing knob,180,482,237,524
DJI_561_3.jpg,600,600,rusty clamp,535,292,582,339
DJI_561_4.jpg,600,600,missing knob,163,329,241,364
DJI_561_4.jpg,600,600,missing knob,412,262,491,304
DJI_561_5.jpg,600,600,broken insulator,454,217,495,280
DJI_561_5.jpg,600,600,rusty clamp,453,390,494,430
DJI_561_5.jpg,600,600,missing knob,60,494,137,536
DJI_563_1.jpg,600,600,broken insulator,131,173,177,236
DJI_563_1.jpg,600,600,rusty clamp,127,396,172,441
DJI_563_1.jpg,600,600,missing knob,470,457,547,492
DJI_563_2.jpg,600,600,missing knob,19,455,99,489
DJI_563_2.jpg,600,600,missing knob,252,481,336,521
DJI_563_2.jpg,600,600,missing knob,358,86,595,189
DJI_563_3.jpg,600,600,missing knob,138,252,217,288
DJI_563_3.jpg,600,600,missing knob,432,311,503,358
DJI_563_4.jpg,600,600,missing knob,20,410,97,444
DJI_563_4.jpg,600,600,missing knob,250,436,335,469
DJI_563_4.jpg,600,600,missing knob,357,40,595,143
DJI_563_5.jpg,600,600,rusty clamp,157,33,258,133
DJI_563_5.jpg,600,600,missing knob,445,548,495,582
DJI_563_6.jpg,600,600,missing knob,24,216,128,288
DJI_563_6.jpg,600,600,missing knob,452,157,584,221
DJI_564_1.jpg,600,600,missing knob,92,241,163,270
DJI_564_1.jpg,600,600,missing knob,308,230,384,261
DJI_564_1.jpg,600,600,missing knob,377,1,556,62
DJI_564_2.jpg,600,600,rusty clamp,161,204,199,245
DJI_564_2.jpg,600,600,missing knob,90,4,273,96
DJI_564_2.jpg,600,600,missing knob,480,205,549,234
DJI_564_3.jpg,600,600,rusty clamp,113,345,158,389
DJI_564_3.jpg,600,600,missing knob,455,389,527,419
DJI_564_4.jpg,600,600,missing knob,217,194,284,234
DJI_564_4.jpg,600,600,missing knob,440,237,517,275
DJI_564_5.jpg,600,600,rusty clamp,263,399,371,527
DJI_564_6.jpg,600,600,broken insulator,336,251,453,421
DJI_564_7.jpg,600,600,missing knob,48,333,160,393
DJI_564_7.jpg,600,600,missing knob,383,225,512,304
DJI_568_1.jpg,600,600,broken insulator,228,109,291,207
DJI_568_1.jpg,600,600,rusty clamp,214,503,267,568
DJI_568_1.jpg,600,600,missing knob,514,556,571,596
DJI_568_2.jpg,600,600,broken insulator,65,108,129,203
DJI_568_2.jpg,600,600,rusty clamp,54,498,104,564
DJI_568_2.jpg,600,600,missing knob,345,551,406,594
DJI_568_2.jpg,600,600,missing knob,500,563,555,598
DJI_568_3.jpg,600,600,broken insulator,396,332,434,388
DJI_568_3.jpg,600,600,missing knob,50,518,115,553
DJI_568_4.jpg,600,600,missing knob,225,416,291,455
DJI_568_4.jpg,600,600,missing knob,17,491,85,525
DJI_568_4.jpg,600,600,broken insulator,539,225,577,274
DJI_568_4.jpg,600,600,rusty clamp,540,302,574,338
DJI_568_5.jpg,600,600,missing knob,356,392,405,436
DJI_568_5.jpg,600,600,missing knob,509,317,563,351
DJI_568_5.jpg,600,600,rusty clamp,58,503,105,568
DJI_568_6.jpg,600,600,broken insulator,210,140,269,239
DJI_568_6.jpg,600,600,rusty clamp,195,517,251,575
DJI_568_6.jpg,600,600,missing knob,491,434,542,466
DJI_568_7.jpg,600,600,rusty clamp,439,355,472,398
DJI_568_7.jpg,600,600,missing knob,136,518,199,563
DJI_568_8.jpg,600,600,missing knob,1,536,68,570
DJI_568_8.jpg,600,600,missing knob,210,468,274,508
DJI_568_8.jpg,600,600,rusty clamp,545,363,578,399
DJI_568_8.jpg,600,600,broken insulator,544,209,583,264
DJI_568_9.jpg,600,600,missing knob,216,240,285,273
DJI_571_1.jpg,600,600,rusty clamp,341,399,429,484
DJI_571_1.jpg,600,600,broken insulator,354,169,436,284
DJI_571_2.jpg,600,600,missing knob,121,327,206,376
DJI_571_2.jpg,600,600,missing knob,393,249,494,313
DJI_571_3.jpg,600,600,missing knob,201,272,373,349
DJI_571_4.jpg,600,600,missing knob,182,238,411,318
DJI_571_5.jpg,600,600,missing knob,115,291,196,321
DJI_571_5.jpg,600,600,missing knob,414,301,500,333
DJI_571_6.jpg,600,600,missing knob,139,240,217,285
DJI_571_6.jpg,600,600,missing knob,396,299,488,338
DJI_571_7.jpg,600,600,broken insulator,299,94,390,221
DJI_571_7.jpg,600,600,missing knob,499,209,553,240
DJI_571_8.jpg,600,600,missing knob,118,328,206,384
DJI_571_8.jpg,600,600,missing knob,394,247,491,314
DJI_572_1.jpg,600,600,broken insulator,349,276,439,402
DJI_572_2.jpg,600,600,rusty clamp,377,374,471,471
DJI_572_3.jpg,600,600,missing knob,90,289,175,351
DJI_572_3.jpg,600,600,missing knob,455,258,561,317
DJI_572_4.jpg,600,600,missing knob,46,268,317,373
DJI_572_5.jpg,600,600,missing knob,133,268,202,300
DJI_572_5.jpg,600,600,missing knob,421,249,500,280
DJI_580_1.jpg,600,600,broken insulator,244,235,322,335
DJI_580_2.jpg,600,600,rusty clamp,184,281,249,367
DJI_580_2.jpg,600,600,missing knob,481,500,544,551
DJI_580_3.jpg,600,600,broken insulator,481,242,522,299
DJI_580_3.jpg,600,600,missing knob,126,475,174,504
DJI_580_3.jpg,600,600,rusty clamp,478,472,522,518
DJI_580_4.jpg,600,600,missing knob,152,264,227,301
DJI_580_4.jpg,600,600,missing knob,435,283,487,316
DJI_580_5.jpg,600,600,broken insulator,60,105,138,208
DJI_580_5.jpg,600,600,missing knob,367,439,433,488
DJI_580_5.jpg,600,600,rusty clamp,47,473,117,555
DJI_580_5.jpg,600,600,missing knob,522,402,590,449
DJI_580_6.jpg,600,600,missing knob,53,403,189,491
DJI_580_6.jpg,600,600,missing knob,439,188,543,285
DJI_580_7.jpg,600,600,missing knob,146,338,220,372
DJI_580_7.jpg,600,600,missing knob,377,290,448,328
DJI_581_1.jpg,600,600,missing knob,42,437,149,499
DJI_581_1.jpg,600,600,rusty clamp,488,322,549,396
DJI_581_2.jpg,600,600,rusty clamp,158,473,222,551
DJI_581_2.jpg,600,600,missing knob,478,558,539,599
DJI_581_2.jpg,600,600,broken insulator,172,1,245,94
DJI_581_3.jpg,600,600,broken insulator,249,235,292,297
DJI_581_3.jpg,600,600,rusty clamp,249,423,292,469
DJI_581_3.jpg,600,600,missing knob,533,481,569,508
DJI_581_4.jpg,600,600,missing knob,88,393,173,432
DJI_581_4.jpg,600,600,missing knob,386,373,468,406
DJI_581_5.jpg,600,600,missing knob,156,338,233,377
DJI_581_5.jpg,600,600,missing knob,391,253,464,298
DJI_581_6.jpg,600,600,missing knob,504,391,566,440
DJI_581_6.jpg,600,600,rusty clamp,200,540,262,600
DJI_581_7.jpg,600,600,missing knob,338,463,393,516
DJI_581_7.jpg,600,600,missing knob,506,364,555,413
DJI_584_1.jpg,600,600,missing knob,414,229,525,299
DJI_584_1.jpg,600,600,missing knob,170,339,236,371
DJI_584_1.jpg,600,600,missing knob,423,371,493,405
DJI_584_2.jpg,600,600,rusty clamp,315,384,356,425
DJI_584_2.jpg,600,600,missing knob,240,274,391,345
DJI_584_3.jpg,600,600,rusty clamp,278,267,367,360
DJI_584_3.jpg,600,600,missing knob,525,555,581,581
DJI_584_3.jpg,600,600,broken insulator,287,51,372,163
DJI_584_4.jpg,600,600,missing knob,52,268,150,328
DJI_584_4.jpg,600,600,missing knob,448,236,563,295
DJI_585_1.jpg,600,600,missing knob,222,169,413,242
DJI_585_1.jpg,600,600,missing knob,96,382,169,410
DJI_585_1.jpg,600,600,missing knob,360,409,437,445
DJI_585_2.jpg,600,600,broken insulator,231,52,318,168
DJI_585_2.jpg,600,600,rusty clamp,217,357,305,451
DJI_585_3.jpg,600,600,missing knob,95,265,192,322
DJI_585_3.jpg,600,600,missing knob,396,225,503,292
DJI_585_4.jpg,600,600,broken insulator,245,305,349,464
DJI_586_1.jpg,600,600,rusty clamp,317,449,357,489
DJI_586_1.jpg,600,600,missing knob,15,505,53,529
DJI_586_2.jpg,600,600,missing knob,137,285,208,314
DJI_586_2.jpg,600,600,missing knob,401,299,474,333
DJI_586_3.jpg,600,600,broken insulator,253,73,353,201
DJI_586_3.jpg,600,600,rusty clamp,235,453,335,562
DJI_586_4.jpg,600,600,missing knob,142,272,210,309
DJI_586_4.jpg,600,600,missing knob,388,317,457,356
DJI_586_5.jpg,600,600,rusty clamp,361,444,449,530
DJI_586_5.jpg,600,600,broken insulator,382,69,467,199
DJI_586_6.jpg,600,600,missing knob,90,311,204,366
DJI_586_6.jpg,600,600,missing knob,400,233,508,303
DJI_591_1.jpg,600,600,rusty clamp,9,395,49,433
DJI_591_1.jpg,600,600,missing knob,314,491,388,531
DJI_591_1.jpg,600,600,missing knob,527,550,600,584
DJI_591_2.jpg,600,600,missing knob,321,225,444,303
DJI_591_2.jpg,600,600,missing knob,362,329,441,371
DJI_591_2.jpg,600,600,missing knob,88,294,167,328
DJI_591_3.jpg,600,600,rusty clamp,275,353,375,452
DJI_591_4.jpg,600,600,missing knob,242,265,361,326
DJI_591_5.jpg,600,600,missing knob,176,230,231,265
DJI_591_5.jpg,600,600,missing knob,380,300,448,333
DJI_592_1.jpg,600,600,missing knob,283,380,347,414
DJI_592_1.jpg,600,600,missing knob,535,445,600,485
DJI_592_1.jpg,600,600,rusty clamp,1,278,35,316
DJI_592_2.jpg,600,600,missing knob,220,400,283,433
DJI_592_2.jpg,600,600,missing knob,428,477,488,513
DJI_592_3.jpg,600,600,broken insulator,378,29,456,174
DJI_592_3.jpg,600,600,rusty clamp,380,533,450,599
DJI_593_1.jpg,600,600,broken insulator,269,266,344,380
DJI_593_1.jpg,600,600,rusty clamp,255,524,331,597
DJI_593_1.jpg,600,600,missing knob,144,221,189,245
DJI_593_2.jpg,600,600,missing knob,155,472,246,525
DJI_593_2.jpg,600,600,missing knob,426,408,511,471
DJI_593_3.jpg,600,600,missing knob,71,489,135,521
DJI_593_3.jpg,600,600,rusty clamp,404,401,435,441
DJI_594_1.jpg,600,600,broken insulator,258,71,342,204
DJI_594_2.jpg,600,600,rusty clamp,230,477,310,564
DJI_594_3.jpg,600,600,missing knob,113,498,177,528
DJI_594_3.jpg,600,600,rusty clamp,452,414,493,453
DJI_595_1.jpg,600,600,broken insulator,250,72,335,207
DJI_595_2.jpg,600,600,rusty clamp,222,524,297,599
DJI_595_3.jpg,600,600,missing knob,109,264,212,333
DJI_595_3.jpg,600,600,missing knob,410,325,499,378
DJI_595_4.jpg,600,600,broken insulator,278,172,377,323
DJI_595_4.jpg,600,600,rusty clamp,263,499,355,598
DJI_595_5.jpg,600,600,missing knob,100,302,173,339
DJI_595_5.jpg,600,600,missing knob,381,315,560,396
DJI_595_6.jpg,600,600,missing knob,119,393,188,424
DJI_595_6.jpg,600,600,rusty clamp,463,308,503,346
DJI_596_1.jpg,600,600,broken insulator,275,40,369,183
DJI_596_1.jpg,600,600,rusty clamp,250,469,337,562
DJI_596_2.jpg,600,600,missing knob,122,246,227,324
DJI_596_2.jpg,600,600,missing knob,425,344,508,400
DJI_596_3.jpg,600,600,rusty clamp,269,477,363,577
DJI_596_4.jpg,600,600,missing knob,24,466,111,501
DJI_596_4.jpg,600,600,rusty clamp,423,439,467,483
DJI_596_4.jpg,600,600,missing knob,383,96,580,185
DJI_599_1.jpg,600,600,broken insulator,160,190,204,253
DJI_599_1.jpg,600,600,rusty clamp,145,422,192,466
DJI_599_1.jpg,600,600,missing knob,477,476,561,509
DJI_599_2.jpg,600,600,rusty clamp,457,431,523,502
DJI_599_2.jpg,600,600,missing knob,114,556,178,600
DJI_599_2.jpg,600,600,broken insulator,473,29,539,127
DJI_599_3.jpg,600,600,broken insulator,275,26,343,125
DJI_599_3.jpg,600,600,rusty clamp,265,525,322,597
DJI_600_1.jpg,600,600,broken insulator,158,208,202,268
DJI_600_1.jpg,600,600,rusty clamp,144,372,182,411
DJI_600_1.jpg,600,600,missing knob,464,517,535,564
DJI_600_2.jpg,600,600,broken insulator,498,93,560,188
DJI_600_2.jpg,600,600,rusty clamp,492,519,545,588
DJI_600_2.jpg,600,600,missing knob,172,395,228,439
DJI_600_2.jpg,600,600,missing knob,9,311,58,347
DJI_600_3.jpg,600,600,rusty clamp,122,316,158,364
DJI_600_3.jpg,600,600,missing knob,405,511,471,561
DJI_600_3.jpg,600,600,broken insulator,133,242,165,296
DJI_601_1.jpg,600,600,broken insulator,46,136,113,252
DJI_601_1.jpg,600,600,rusty clamp,35,521,103,587
DJI_601_1.jpg,600,600,missing knob,480,443,556,485
DJI_601_2.jpg,600,600,missing knob,8,511,73,544
DJI_601_2.jpg,600,600,missing knob,217,452,281,490
DJI_601_2.jpg,600,600,rusty clamp,561,350,597,389
DJI_601_2.jpg,600,600,broken insulator,558,266,595,323
DJI_601_3.jpg,600,600,missing knob,185,217,293,256
DJI_601_3.jpg,600,600,missing knob,416,219,523,263
DJI_601_4.jpg,600,600,missing knob,97,461,156,502
DJI_601_4.jpg,600,600,rusty clamp,413,329,449,364
DJI_602_1.jpg,600,600,broken insulator,270,82,339,191
DJI_602_1.jpg,600,600,rusty clamp,256,518,327,594
DJI_602_2.jpg,600,600,rusty clamp,41,173,113,248
DJI_602_2.jpg,600,600,missing knob,481,355,561,405
DJI_602_3.jpg,600,600,broken insulator,33,271,101,372
DJI_602_3.jpg,600,600,rusty clamp,28,516,97,594
DJI_602_3.jpg,600,600,missing knob,512,511,594,561
DJI_602_4.jpg,600,600,rusty clamp,279,344,319,380
DJI_602_5.jpg,600,600,missing knob,223,86,395,155
DJI_602_5.jpg,600,600,missing knob,151,468,227,498
DJI_602_5.jpg,600,600,missing knob,380,466,454,496
DJI_602_6.jpg,600,600,missing knob,154,308,220,338
DJI_602_6.jpg,600,600,missing knob,377,261,444,299
DJI_603_1.jpg,600,600,broken insulator,246,3,319,114
DJI_603_1.jpg,600,600,rusty clamp,229,519,303,600
DJI_603_2.jpg,600,600,missing knob,82,186,265,262
DJI_603_2.jpg,600,600,missing knob,134,432,200,461
DJI_603_2.jpg,600,600,broken insulator,497,238,533,296
DJI_603_2.jpg,600,600,rusty clamp,487,396,527,444
DJI_603_3.jpg,600,600,missing knob,323,122,507,195
DJI_603_3.jpg,600,600,missing knob,126,374,206,405
DJI_603_3.jpg,600,600,missing knob,375,366,442,398
DJI_606_1.jpg,600,600,missing knob,178,69,288,128
DJI_606_1.jpg,600,600,missing knob,433,388,488,419
DJI_606_2.jpg,600,600,rusty clamp,290,523,362,597
DJI_606_2.jpg,600,600,broken insulator,297,30,361,149
DJI_606_3.jpg,600,600,broken insulator,342,245,406,363
DJI_606_3.jpg,600,600,rusty clamp,334,524,401,599
DJI_607_1.jpg,600,600,broken insulator,498,195,564,301
DJI_607_1.jpg,600,600,rusty clamp,490,520,557,593
DJI_607_1.jpg,600,600,missing knob,14,543,96,592
DJI_607_2.jpg,600,600,missing knob,367,391,434,421
DJI_607_3.jpg,600,600,missing knob,5,319,83,354
DJI_607_3.jpg,600,600,missing knob,517,238,595,269
DJI_608_1.jpg,600,600,broken insulator,269,272,336,370
DJI_608_1.jpg,600,600,rusty clamp,264,521,336,596
DJI_608_2.jpg,600,600,missing knob,27,242,108,284
DJI_608_2.jpg,600,600,missing knob,497,353,575,393
DJI_608_3.jpg,600,600,missing knob,172,40,234,75
DJI_608_3.jpg,600,600,missing knob,441,488,561,550
DJI_609_1.jpg,600,600,broken insulator,39,96,105,228
DJI_609_1.jpg,600,600,rusty clamp,36,409,107,482
DJI_609_1.jpg,600,600,missing knob,507,553,581,595
DJI_609_2.jpg,600,600,broken insulator,24,7,91,114
DJI_609_2.jpg,600,600,rusty clamp,18,443,91,527
DJI_609_2.jpg,600,600,missing knob,518,416,595,475
DJI_609_3.jpg,600,600,missing knob,318,221,435,280
DJI_609_3.jpg,600,600,missing knob,53,406,108,434
DJI_612_1.jpg,600,600,broken insulator,158,169,201,240
DJI_612_1.jpg,600,600,rusty clamp,140,436,184,480
DJI_612_1.jpg,600,600,missing knob,466,493,538,525
DJI_612_2.jpg,600,600,rusty clamp,303,256,405,372
DJI_612_3.jpg,600,600,broken insulator,415,169,516,316
DJI_612_3.jpg,600,600,rusty clamp,417,493,516,593
DJI_612_4.jpg,600,600,missing knob,233,258,331,320
DJI_613_1.jpg,600,600,rusty clamp,140,432,177,473
DJI_613_1.jpg,600,600,missing knob,432,529,486,558
DJI_613_2.jpg,600,600,broken insulator,292,302,333,371
DJI_613_3.jpg,600,600,broken insulator,344,66,472,248
DJI_613_3.jpg,600,600,rusty clamp,390,455,494,570
DJI_613_4.jpg,600,600,rusty clamp,260,508,334,578
DJI_614_1.jpg,600,600,broken insulator,172,188,214,253
DJI_614_1.jpg,600,600,rusty clamp,160,416,201,456
DJI_614_1.jpg,600,600,missing knob,476,513,539,543
DJI_614_2.jpg,600,600,rusty clamp,117,317,155,356
DJI_614_2.jpg,600,600,missing knob,447,448,481,480
DJI_614_3.jpg,600,600,rusty clamp,271,372,366,470
DJI_614_4.jpg,600,600,broken insulator,258,395,358,541
DJI_614_5.jpg,600,600,missing knob,247,247,351,310
DJI_615_1.jpg,600,600,broken insulator,247,165,327,295
DJI_615_2.jpg,600,600,rusty clamp,29,330,104,409
DJI_615_2.jpg,600,600,missing knob,481,251,558,314
DJI_615_3.jpg,600,600,broken insulator,386,83,425,145
DJI_615_3.jpg,600,600,rusty clamp,383,361,423,399
DJI_615_3.jpg,600,600,missing knob,38,458,96,488
DJI_616_1.jpg,600,600,broken insulator,30,93,106,184
DJI_616_1.jpg,600,600,rusty clamp,27,430,100,508
DJI_616_1.jpg,600,600,missing knob,517,530,588,583
DJI_616_2.jpg,600,600,rusty clamp,236,475,277,514
DJI_616_3.jpg,600,600,rusty clamp,442,403,481,439
DJI_616_3.jpg,600,600,missing knob,58,516,125,554
DJI_617_1.jpg,600,600,broken insulator,239,83,322,216
DJI_617_1.jpg,600,600,rusty clamp,228,512,308,596
DJI_617_2.jpg,600,600,broken insulator,478,247,516,307
DJI_617_2.jpg,600,600,rusty clamp,464,461,503,499
DJI_617_2.jpg,600,600,missing knob,84,497,164,527
DJI_617_3.jpg,600,600,missing knob,81,411,135,442
DJI_617_3.jpg,600,600,rusty clamp,439,440,481,482
DJI_620_1.jpg,600,600,broken insulator,266,156,347,305
DJI_620_1.jpg,600,600,rusty clamp,251,490,340,575
DJI_620_2.jpg,600,600,rusty clamp,199,257,292,357
DJI_620_3.jpg,600,600,missing knob,313,85,525,171
DJI_620_3.jpg,600,600,missing knob,173,469,256,503
DJI_621_1.jpg,600,600,broken insulator,79,95,167,215
DJI_621_1.jpg,600,600,rusty clamp,73,471,161,564
DJI_621_2.jpg,600,600,missing knob,237,1,300,30
DJI_621_2.jpg,600,600,missing knob,271,510,484,593
DJI_621_3.jpg,600,600,broken insulator,279,240,363,404
DJI_622_1.jpg,600,600,missing knob,64,241,163,277
DJI_622_1.jpg,600,600,missing knob,431,310,518,358
DJI_622_2.jpg,600,600,broken insulator,329,262,410,425
DJI_623_1.jpg,600,600,broken insulator,290,47,366,162
DJI_623_2.jpg,600,600,broken insulator,145,330,187,387
DJI_623_2.jpg,600,600,rusty clamp,143,420,184,459
DJI_623_2.jpg,600,600,missing knob,471,553,545,585
DJI_623_3.jpg,600,600,missing knob,101,290,190,325
DJI_623_3.jpg,600,600,missing knob,404,249,497,286
DJI_623_4.jpg,600,600,missing knob,4,326,74,375
DJI_623_4.jpg,600,600,rusty clamp,526,473,595,557
DJI_624_1.jpg,600,600,broken insulator,127,281,170,338
DJI_624_1.jpg,600,600,rusty clamp,136,443,179,483
DJI_624_1.jpg,600,600,missing knob,445,491,526,521
DJI_624_2.jpg,600,600,rusty clamp,177,434,216,471
DJI_624_2.jpg,600,600,missing knob,470,413,542,444
DJI_624_3.jpg,600,600,rusty clamp,481,351,551,428
DJI_624_3.jpg,600,600,missing knob,46,489,115,532
DJI_624_4.jpg,600,600,broken insulator,344,436,424,560
DJI_625_1.jpg,600,600,missing knob,45,509,112,554
DJI_625_1.jpg,600,600,rusty clamp,455,411,525,488
DJI_625_1.jpg,600,600,broken insulator,473,43,545,141
DJI_625_2.jpg,600,600,missing knob,45,299,117,348
DJI_625_2.jpg,600,600,rusty clamp,449,27,514,99
DJI_625_3.jpg,600,600,missing knob,221,56,294,96
DJI_625_4.jpg,600,600,rusty clamp,158,441,197,482
DJI_625_4.jpg,600,600,missing knob,444,434,509,464
DJI_625_5.jpg,600,600,missing knob,209,247,334,308
DJI_627_1.jpg,600,600,broken insulator,445,310,481,366
DJI_627_1.jpg,600,600,missing knob,131,489,188,519
DJI_627_2.jpg,600,600,broken insulator,120,51,199,166
DJI_627_2.jpg,600,600,rusty clamp,90,458,151,527
DJI_627_2.jpg,600,600,missing knob,501,544,568,590
DJI_627_3.jpg,600,600,rusty clamp,305,487,353,549
DJI_627_4.jpg,600,600,missing knob,192,492,240,517
DJI_627_4.jpg,600,600,rusty clamp,460,417,491,456
DJI_627_4.jpg,600,600,broken insulator,459,311,493,363
DJI_627_5.jpg,600,600,broken insulator,126,288,194,385
DJI_627_5.jpg,600,600,rusty clamp,118,518,171,576
DJI_627_5.jpg,600,600,missing knob,497,501,555,537
DJI_627_6.jpg,600,600,rusty clamp,125,526,173,584
DJI_627_6.jpg,600,600,missing knob,481,400,533,435
DJI_629_1.jpg,600,600,missing knob,186,80,256,109
DJI_629_1.jpg,600,600,missing knob,434,130,500,175
DJI_629_2.jpg,600,600,broken insulator,401,306,435,358
DJI_629_2.jpg,600,600,missing knob,106,482,158,512
DJI_629_2.jpg,600,600,rusty clamp,399,412,432,448
DJI_629_3.jpg,600,600,broken insulator,101,312,166,408
DJI_629_3.jpg,600,600,rusty clamp,93,510,147,569
DJI_629_3.jpg,600,600,missing knob,473,496,527,534
DJI_629_4.jpg,600,600,rusty clamp,332,560,366,594
DJI_629_4.jpg,600,600,missing knob,71,40,125,75
DJI_630_1.jpg,600,600,broken insulator,390,390,447,462
DJI_630_1.jpg,600,600,missing knob,77,493,127,530
DJI_630_1.jpg,600,600,rusty clamp,382,525,430,577
DJI_630_2.jpg,600,600,missing knob,155,318,217,355
DJI_630_2.jpg,600,600,missing knob,417,273,498,303
DJI_630_3.jpg,600,600,broken insulator,184,232,223,288
DJI_630_3.jpg,600,600,rusty clamp,162,429,197,461
DJI_630_3.jpg,600,600,missing knob,474,523,532,558
DJI_630_4.jpg,600,600,rusty clamp,146,393,175,420
DJI_630_4.jpg,600,600,missing knob,405,529,459,560
DJI_631_1.jpg,600,600,rusty clamp,423,469,473,530
DJI_631_1.jpg,600,600,broken insulator,431,303,488,389
DJI_631_1.jpg,600,600,missing knob,142,564,196,597
DJI_631_2.jpg,600,600,broken insulator,96,273,134,328
DJI_631_2.jpg,600,600,rusty clamp,80,495,118,531
DJI_631_2.jpg,600,600,missing knob,381,538,449,562
DJI_631_3.jpg,600,600,rusty clamp,58,257,108,313
DJI_631_3.jpg,600,600,missing knob,475,512,568,586
DJI_631_4.jpg,600,600,missing knob,80,445,129,484
DJI_631_4.jpg,600,600,rusty clamp,376,497,427,557
DJI_651_1.jpg,600,600,rusty clamp,106,496,175,579
DJI_651_1.jpg,600,600,missing knob,485,456,539,503
DJI_651_2.jpg,600,600,rusty clamp,82,204,152,298
DJI_651_2.jpg,600,600,missing knob,446,483,503,531
DJI_651_3.jpg,600,600,broken insulator,452,235,495,308
DJI_651_3.jpg,600,600,rusty clamp,448,481,493,528
DJI_651_3.jpg,600,600,missing knob,27,475,112,508
DJI_652_1.jpg,600,600,broken insulator,120,88,199,206
DJI_652_1.jpg,600,600,rusty clamp,105,447,173,526
DJI_652_1.jpg,600,600,missing knob,483,506,538,556
DJI_652_2.jpg,600,600,missing knob,256,212,377,295
DJI_718_2.jpg,600,600,broken insulator,219,182,299,282
DJI_718_2.jpg,600,600,rusty clamp,174,532,240,599
DJI_718_3.jpg,600,600,rusty clamp,23,421,83,475
DJI_718_3.jpg,600,600,missing knob,507,521,597,568
DJI_719_1.jpg,600,600,broken insulator,415,247,453,290
DJI_719_1.jpg,600,600,missing knob,386,412,498,458
DJI_719_1.jpg,600,600,missing knob,118,456,171,479
DJI_719_2.jpg,600,600,broken insulator,258,195,341,304
DJI_719_2.jpg,600,600,rusty clamp,213,526,286,598
DJI_719_3.jpg,600,600,broken insulator,55,280,122,373
DJI_719_3.jpg,600,600,rusty clamp,41,427,101,488
DJI_719_3.jpg,600,600,missing knob,517,523,568,561
DJI_719_4.jpg,600,600,missing knob,121,306,164,326
DJI_719_4.jpg,600,600,missing knob,392,263,480,300
DJI_719_5.jpg,600,600,missing knob,153,419,199,442
DJI_719_5.jpg,600,600,broken insulator,443,299,473,342
DJI_720_1.jpg,600,600,missing knob,14,275,95,303
DJI_720_1.jpg,600,600,missing knob,508,278,586,312
DJI_720_2.jpg,600,600,broken insulator,69,191,130,269
DJI_720_2.jpg,600,600,rusty clamp,39,430,101,484
DJI_720_2.jpg,600,600,missing knob,507,522,596,569
DJI_720_3.jpg,600,600,missing knob,358,264,443,300
DJI_722_1.jpg,600,600,broken insulator,394,208,439,274
DJI_722_1.jpg,600,600,rusty clamp,373,471,413,512
DJI_722_1.jpg,600,600,missing knob,82,484,127,509
DJI_722_2.jpg,600,600,rusty clamp,262,323,293,352
DJI_722_2.jpg,600,600,missing knob,43,494,113,538
DJI_722_2.jpg,600,600,missing knob,491,388,543,417
DJI_722_2.jpg,600,600,broken insulator,275,216,310,261
DJI_722_3.jpg,600,600,broken insulator,396,293,436,337
DJI_722_3.jpg,600,600,missing knob,143,382,187,413
DJI_722_3.jpg,600,600,rusty clamp,382,443,419,480
DJI_723_1.jpg,600,600,broken insulator,432,225,477,282
DJI_723_1.jpg,600,600,rusty clamp,412,477,453,516
DJI_723_1.jpg,600,600,missing knob,125,479,171,505
DJI_723_2.jpg,600,600,broken insulator,386,35,432,90
DJI_723_2.jpg,600,600,missing knob,52,460,89,487
DJI_723_2.jpg,600,600,rusty clamp,353,360,400,407
DJI_723_3.jpg,600,600,broken insulator,103,286,140,334
DJI_723_3.jpg,600,600,missing knob,332,462,390,487
DJI_723_3.jpg,600,600,rusty clamp,82,432,119,462
DJI_723_4.jpg,600,600,missing knob,115,460,160,486
DJI_723_4.jpg,600,600,rusty clamp,400,458,440,500
DJI_723_4.jpg,600,600,broken insulator,421,209,466,264
DJI_724_1.jpg,600,600,broken insulator,371,274,416,341
DJI_724_1.jpg,600,600,rusty clamp,354,475,398,519
DJI_724_1.jpg,600,600,missing knob,53,523,98,553
DJI_724_2.jpg,600,600,rusty clamp,221,199,257,233
DJI_724_2.jpg,600,600,missing knob,514,203,549,226
DJI_724_3.jpg,600,600,broken insulator,150,290,185,338
DJI_724_3.jpg,600,600,rusty clamp,123,508,155,540
DJI_724_3.jpg,600,600,missing knob,385,561,437,586
DJI_728_1.jpg,600,600,rusty clamp,89,348,145,415
DJI_728_1.jpg,600,600,broken insulator,89,171,155,262
DJI_728_1.jpg,600,600,missing knob,359,478,406,519
DJI_728_1.jpg,600,600,missing knob,531,527,577,573
DJI_728_2.jpg,600,600,missing knob,197,263,244,315
DJI_728_2.jpg,600,600,missing knob,360,202,399,239
DJI_728_3.jpg,600,600,missing knob,288,235,375,323
DJI_728_4.jpg,600,600,broken insulator,466,242,506,280
DJI_728_4.jpg,600,600,rusty clamp,470,371,507,407
DJI_728_4.jpg,600,600,missing knob,90,477,160,520
DJI_728_5.jpg,600,600,broken insulator,438,280,481,345
DJI_728_5.jpg,600,600,rusty clamp,442,467,486,512
DJI_728_5.jpg,600,600,missing knob,32,486,108,521
DJI_729_1.jpg,600,600,broken insulator,175,324,235,414
DJI_729_1.jpg,600,600,missing knob,453,444,497,482
DJI_729_1.jpg,600,600,rusty clamp,173,513,226,573
DJI_729_2.jpg,600,600,missing knob,353,398,403,440
DJI_729_2.jpg,600,600,missing knob,510,460,551,499
DJI_729_2.jpg,600,600,rusty clamp,80,240,137,316
DJI_729_3.jpg,600,600,broken insulator,203,115,272,224
DJI_729_4.jpg,600,600,broken insulator,479,317,523,370
DJI_729_4.jpg,600,600,rusty clamp,484,462,527,507
DJI_729_4.jpg,600,600,missing knob,77,475,160,508
DJI_730_1.jpg,600,600,broken insulator,232,298,295,382
DJI_730_1.jpg,600,600,rusty clamp,227,529,285,589
DJI_730_1.jpg,600,600,missing knob,512,460,560,498
DJI_730_2.jpg,600,600,missing knob,301,280,358,324
DJI_730_2.jpg,600,600,missing knob,411,340,466,372
DJI_730_3.jpg,600,600,missing knob,82,516,144,564
DJI_730_3.jpg,600,600,rusty clamp,444,334,480,369
DJI_730_4.jpg,600,600,broken insulator,454,292,491,342
DJI_730_4.jpg,600,600,missing knob,80,515,156,553
DJI_730_4.jpg,600,600,rusty clamp,459,411,496,450
DJI_731_1.jpg,600,600,missing knob,208,285,260,315
DJI_731_1.jpg,600,600,missing knob,369,313,418,347
DJI_731_2.jpg,600,600,broken insulator,247,230,302,314
DJI_731_2.jpg,600,600,rusty clamp,242,476,292,533
DJI_731_2.jpg,600,600,missing knob,515,326,561,365
DJI_731_3.jpg,600,600,rusty clamp,254,435,286,469
DJI_731_4.jpg,600,600,missing knob,138,524,173,556
DJI_731_4.jpg,600,600,rusty clamp,464,377,506,421
DJI_731_4.jpg,600,600,broken insulator,464,195,502,245
DJI_732_1.jpg,600,600,missing knob,30,293,177,337
DJI_732_1.jpg,600,600,missing knob,346,232,533,301
DJI_732_2.jpg,600,600,broken insulator,30,173,83,255
DJI_732_2.jpg,600,600,rusty clamp,25,323,79,382
DJI_732_2.jpg,600,600,missing knob,478,538,595,592
DJI_733_1.jpg,600,600,broken insulator,156,2,265,168
DJI_733_1.jpg,600,600,rusty clamp,145,486,243,598
DJI_733_2.jpg,600,600,missing knob,199,221,427,375
DJI_733_3.jpg,600,600,rusty clamp,273,397,334,458
DJI_733_4.jpg,600,600,missing knob,245,282,331,349
DJI_734_1.jpg,600,600,broken insulator,203,36,317,216
DJI_734_1.jpg,600,600,rusty clamp,196,420,296,535
DJI_734_2.jpg,600,600,broken insulator,12,90,65,170
DJI_734_2.jpg,600,600,rusty clamp,1,404,60,456
DJI_734_2.jpg,600,600,missing knob,490,545,595,599
DJI_734_3.jpg,600,600,rusty clamp,28,452,85,505
DJI_734_3.jpg,600,600,missing knob,513,449,593,486
DJI_735_1.jpg,600,600,broken insulator,232,309,353,503
DJI_735_2.jpg,600,600,rusty clamp,236,279,342,409
DJI_735_3.jpg,600,600,missing knob,273,242,356,325
DJI_735_4.jpg,600,600,rusty clamp,269,431,330,487
DJI_735_5.jpg,600,600,broken insulator,295,98,353,178
DJI_735_5.jpg,600,600,rusty clamp,280,468,340,521
DJI_738_1.jpg,600,600,broken insulator,213,187,327,373
DJI_738_1.jpg,600,600,rusty clamp,226,467,340,575
DJI_738_2.jpg,600,600,missing knob,204,260,295,293
DJI_738_3.jpg,600,600,missing knob,263,264,360,326
DJI_738_4.jpg,600,600,missing knob,246,284,335,322
DJI_739_1.jpg,600,600,rusty clamp,235,338,352,446
DJI_739_2.jpg,600,600,broken insulator,264,347,375,512
DJI_739_3.jpg,600,600,missing knob,243,269,340,331
DJI_739_4.jpg,600,600,missing knob,178,366,438,538
DJI_740_1.jpg,600,600,rusty clamp,268,256,377,357
DJI_740_2.jpg,600,600,missing knob,271,271,373,337
DJI_740_3.jpg,600,600,broken insulator,258,166,373,341
DJI_742_1.jpg,600,600,rusty clamp,149,273,186,308
DJI_742_1.jpg,600,600,missing knob,473,495,533,547
DJI_742_2.jpg,600,600,rusty clamp,151,274,185,309
DJI_742_2.jpg,600,600,missing knob,471,495,533,543
DJI_742_3.jpg,600,600,broken insulator,414,391,485,484
DJI_742_3.jpg,600,600,rusty clamp,420,516,486,591
DJI_742_3.jpg,600,600,missing knob,51,244,110,295
DJI_742_4.jpg,600,600,missing knob,129,296,214,341
DJI_742_4.jpg,600,600,missing knob,371,258,435,300
DJI_743_1.jpg,600,600,broken insulator,65,103,119,180
DJI_743_1.jpg,600,600,rusty clamp,41,453,90,503
DJI_743_1.jpg,600,600,missing knob,525,558,580,597
DJI_743_2.jpg,600,600,missing knob,13,431,91,496
DJI_743_2.jpg,600,600,rusty clamp,464,410,552,516
DJI_743_3.jpg,600,600,rusty clamp,35,284,86,334
DJI_743_3.jpg,600,600,missing knob,489,509,579,578
DJI_743_4.jpg,600,600,broken insulator,236,380,340,555
DJI_744_1.jpg,600,600,broken insulator,455,51,562,190
DJI_744_1.jpg,600,600,rusty clamp,456,408,549,520
DJI_744_1.jpg,600,600,missing knob,49,367,123,442
DJI_744_2.jpg,600,600,broken insulator,19,80,67,152
DJI_744_2.jpg,600,600,rusty clamp,3,293,58,349
DJI_744_2.jpg,600,600,missing knob,490,277,598,314
DJI_744_3.jpg,600,600,rusty clamp,41,429,94,473
DJI_744_3.jpg,600,600,missing knob,475,545,570,584
DJI_744_3.jpg,600,600,broken insulator,55,129,107,203
DJI_745_1.jpg,600,600,rusty clamp,40,456,95,508
DJI_745_1.jpg,600,600,missing knob,510,429,588,464
DJI_745_2.jpg,600,600,rusty clamp,49,422,98,471
DJI_745_2.jpg,600,600,missing knob,520,527,575,567
DJI_745_2.jpg,600,600,broken insulator,56,116,105,191
DJI_745_3.jpg,600,600,rusty clamp,277,370,371,491
